source,organism,release,genome,fasta,gtf,sha256
GENCODE,Homo sapiens,32,GRCh38,ftp://ftp.ebi.ac.uk/pub/databases/gencode/Gencode_human/release_32/gencode.v32.transcripts.fa.gz,ftp://ftp.ebi.ac.uk/pub/databases/gencode/Gencode_human/release_32/gencode.v32.annotation.gtf.gz,4260e6940afd09855e30858f10b1382e01f2dc08d0c8148e279649e8f97cf722
GENCODE,Homo sapiens,31,GRCh38,ftp://ftp.ebi.ac.uk/pub/databases/gencode/Gencode_human/release_31/gencode.v31.transcripts.fa.gz,ftp://ftp.ebi.ac.uk/pub/databases/gencode/Gencode_human/release_31/gencode.v31.annotation.gtf.gz,e392bd55d33bfe81a1eb869c719f2dbc0ba91c56802d5007200de3182fdb4ee8
GENCODE,Homo sapiens,30,GRCh38,ftp://ftp.ebi.ac.uk/pub/databases/gencode/Gencode_human/release_30/gencode.v30.transcripts.fa.gz,ftp://ftp.ebi.ac.uk/pub/databases/gencode/Gencode_human/release_30/gencode.v30.annotation.gtf.gz,2596d3ca339ef6469bda526ea774548a3ea8927a6123e7532f4cdedf2161326f
GENCODE,Homo sapiens,29,GRCh38,ftp://ftp.ebi.ac.uk/pub/databases/gencode/Gencode_human/release_29/gencode.v29.transcripts.fa.gz,ftp://ftp.ebi.ac.uk/pub/databases/gencode/Gencode_human/release_29/gencode.v29.annotation.gtf.gz,40849ed828ea7d6a94af54a5c40e5d87eb0ce0fc1e9513208a5cffe59d442292
GENCODE,Homo sapiens,28,GRCh38,ftp://ftp.ebi.ac.uk/pub/databases/gencode/Gencode_human/release_28/gencode.v28.transcripts.fa.gz,ftp://ftp.ebi.ac.uk/pub/databases/gencode/Gencode_human/release_28/gencode.v28.annotation.gtf.gz,3ab58accda62508d37ad42327fa285cc5575bc6e26ebc354e643cc2345c0fd0b
GENCODE,Homo sapiens,27,GRCh38,ftp://ftp.ebi.ac.uk/pub/databases/gencode/Gencode_human/release_27/gencode.v27.transcripts.fa.gz,ftp://ftp.ebi.ac.uk/pub/databases/gencode/Gencode_human/release_27/gencode.v27.annotation.gtf.gz,0acbb6919651beb0182512f492e9936c43dd7c0d189df41c402fbd4fc556f460
GENCODE,Homo sapiens,26,GRCh38,ftp://ftp.ebi.ac.uk/pub/databases/gencode/Gencode_human/release_26/gencode.v26.transcripts.fa.gz,ftp://ftp.ebi.ac.uk/pub/databases/gencode/Gencode_human/release_26/gencode.v26.annotation.gtf.gz,13efe75909a197f8d30f7e17ed5f3f9f03a398b6796aa746416d74b4b6aa8aeb
GENCODE,Homo sapiens,25,GRCh38,ftp://ftp.ebi.ac.uk/pub/databases/gencode/Gencode_human/release_25/gencode.v25.transcripts.fa.gz,ftp://ftp.ebi.ac.uk/pub/databases/gencode/Gencode_human/release_25/gencode.v25.annotation.gtf.gz,75c7c561ad7291bb2dfc7214f3b0c766eb69e3406194a6671af956df59655462
GENCODE,Homo sapiens,24,GRCh38,ftp://ftp.ebi.ac.uk/pub/databases/gencode/Gencode_human/release_24/gencode.v24.transcripts.fa.gz,ftp://ftp.ebi.ac.uk/pub/databases/gencode/Gencode_human/release_24/gencode.v24.annotation.gtf.gz,f4bbbfc1b55cf5864f7f0c31c47ce2d2f8054183e5f824c7568cae708a01c13d
GENCODE,Homo sapiens,23,GRCh38,ftp://ftp.ebi.ac.uk/pub/databases/gencode/Gencode_human/release_23/gencode.v23.transcripts.fa.gz,ftp://ftp.ebi.ac.uk/pub/databases/gencode/Gencode_human/release_23/gencode.v23.annotation.gtf.gz,e2a174c705476a5b42d639f6b64a634cb8b1d656cc99a601183c812c1b7f67a1
GENCODE,Mus musculus,M23,GRCm38,ftp://ftp.ebi.ac.uk/pub/databases/gencode/Gencode_mouse/release_M23/gencode.vM23.transcripts.fa.gz,ftp://ftp.ebi.ac.uk/pub/databases/gencode/Gencode_mouse/release_M23/gencode.vM23.annotation.gtf.gz,6f92253eb7397009ce667653d94538bc1f0bd85fad71e5c45a7395f6cfe07ffe
GENCODE,Mus musculus,M22,GRCm38,ftp://ftp.ebi.ac.uk/pub/databases/gencode/Gencode_mouse/release_M22/gencode.vM22.transcripts.fa.gz,ftp://ftp.ebi.ac.uk/pub/databases/gencode/Gencode_mouse/release_M22/gencode.vM22.annotation.gtf.gz,ed9e3b0cad7d1e3a3f2792d744f71910ed4b12f956aa097bdf1ad6d140420d95
GENCODE,Mus musculus,M21,GRCm38,ftp://ftp.ebi.ac.uk/pub/databases/gencode/Gencode_mouse/release_M21/gencode.vM21.transcripts.fa.gz,ftp://ftp.ebi.ac.uk/pub/databases/gencode/Gencode_mouse/release_M21/gencode.vM21.annotation.gtf.gz,a421d3b14f0613853d2982642fecb70df37ba862b1f3671822798a6e482c5c99
GENCODE,Mus musculus,M20,GRCm38,ftp://ftp.ebi.ac.uk/pub/databases/gencode/Gencode_mouse/release_M20/gencode.vM20.transcripts.fa.gz,ftp://ftp.ebi.ac.uk/pub/databases/gencode/Gencode_mouse/release_M20/gencode.vM20.annotation.gtf.gz,4e8df91fe806e0157a77c9a9b1c1d6baa39f48d36d7b505144a0b10ec063210c
GENCODE,Mus musculus,M19,GRCm38,ftp://ftp.ebi.ac.uk/pub/databases/gencode/Gencode_mouse/release_M19/gencode.vM19.transcripts.fa.gz,ftp://ftp.ebi.ac.uk/pub/databases/gencode/Gencode_mouse/release_M19/gencode.vM19.annotation.gtf.gz,0222f96a0885941db53845d1bbea4f99823b89b65c65e35fc621a4a0168b2f85
GENCODE,Mus musculus,M18,GRCm38,ftp://ftp.ebi.ac.uk/pub/databases/gencode/Gencode_mouse/release_M18/gencode.vM18.transcripts.fa.gz,ftp://ftp.ebi.ac.uk/pub/databases/gencode/Gencode_mouse/release_M18/gencode.vM18.annotation.gtf.gz,65f9b779b509473ac6982436fc1df262e441d6e3391e3e7383461d16f88569da
GENCODE,Mus musculus,M17,GRCm38,ftp://ftp.ebi.ac.uk/pub/databases/gencode/Gencode_mouse/release_M17/gencode.vM17.transcripts.fa.gz,ftp://ftp.ebi.ac.uk/pub/databases/gencode/Gencode_mouse/release_M17/gencode.vM17.annotation.gtf.gz,0bdd5770f5095c7d2eab5cca19e3edeefd40fa8a8e0a2deb33ba75ffe618ae18
GENCODE,Mus musculus,M16,GRCm38,ftp://ftp.ebi.ac.uk/pub/databases/gencode/Gencode_mouse/release_M16/gencode.vM16.transcripts.fa.gz,ftp://ftp.ebi.ac.uk/pub/databases/gencode/Gencode_mouse/release_M16/gencode.vM16.annotation.gtf.gz,9d8b7280a01510a90581896ef0919209cc070822b8514a4c5792ea59929a582b
GENCODE,Mus musculus,M15,GRCm38,ftp://ftp.ebi.ac.uk/pub/databases/gencode/Gencode_mouse/release_M15/gencode.vM15.transcripts.fa.gz,ftp://ftp.ebi.ac.uk/pub/databases/gencode/Gencode_mouse/release_M15/gencode.vM15.annotation.gtf.gz,58f685e0255923ca52ddedb28baddb72dbb99690b1b24bbbddecfdd8a520a59d
GENCODE,Mus musculus,M14,GRCm38,ftp://ftp.ebi.ac.uk/pub/databases/gencode/Gencode_mouse/release_M14/gencode.vM14.transcripts.fa.gz,ftp://ftp.ebi.ac.uk/pub/databases/gencode/Gencode_mouse/release_M14/gencode.vM14.annotation.gtf.gz,eb7c1456004faea2f8b2b3c093f8db9311a2fc73f1f360adb7f2d73fe25c2869
GENCODE,Mus musculus,M13,GRCm38,ftp://ftp.ebi.ac.uk/pub/databases/gencode/Gencode_mouse/release_M13/gencode.vM13.transcripts.fa.gz,ftp://ftp.ebi.ac.uk/pub/databases/gencode/Gencode_mouse/release_M13/gencode.vM13.annotation.gtf.gz,9d6f29922d73984a2741f4ba1bd52aef68ec46771ae1d7fcdf77842062ef3c22
GENCODE,Mus musculus,M12,GRCm38,ftp://ftp.ebi.ac.uk/pub/databases/gencode/Gencode_mouse/release_M12/gencode.vM12.transcripts.fa.gz,ftp://ftp.ebi.ac.uk/pub/databases/gencode/Gencode_mouse/release_M12/gencode.vM12.annotation.gtf.gz,761e24460730c794f760a72f75f521da08f18871ad912557c2ced1a9ca519885
GENCODE,Mus musculus,M11,GRCm38,ftp://ftp.ebi.ac.uk/pub/databases/gencode/Gencode_mouse/release_M11/gencode.vM11.transcripts.fa.gz,ftp://ftp.ebi.ac.uk/pub/databases/gencode/Gencode_mouse/release_M11/gencode.vM11.annotation.gtf.gz,de8c508c7135f1e2281cc8bdbbcf3559b81e6aad448b5cfc298d4f632f522ee9
GENCODE,Mus musculus,M10,GRCm38,ftp://ftp.ebi.ac.uk/pub/databases/gencode/Gencode_mouse/release_M10/gencode.vM10.transcripts.fa.gz,ftp://ftp.ebi.ac.uk/pub/databases/gencode/Gencode_mouse/release_M10/gencode.vM10.annotation.gtf.gz,b77de3c3d8b70edbd8da3b63da722126262b0524179156b837790f5916b39c74
GENCODE,Mus musculus,M9,GRCm38,ftp://ftp.ebi.ac.uk/pub/databases/gencode/Gencode_mouse/release_M9/gencode.vM9.transcripts.fa.gz,ftp://ftp.ebi.ac.uk/pub/databases/gencode/Gencode_mouse/release_M9/gencode.vM9.annotation.gtf.gz,53bb7a6a05be9d83949f4786d5079f9999e16d35840d52848422301b4464a0e4
GENCODE,Mus musculus,M8,GRCm38,ftp://ftp.ebi.ac.uk/pub/databases/gencode/Gencode_mouse/release_M8/gencode.vM8.transcripts.fa.gz,ftp://ftp.ebi.ac.uk/pub/databases/gencode/Gencode_mouse/release_M8/gencode.vM8.annotation.gtf.gz,380445534729050688b4c2b8707c0067cd354eedd48b04a50504e3bd20cf0390
GENCODE,Mus musculus,M7,GRCm38,ftp://ftp.ebi.ac.uk/pub/databases/gencode/Gencode_mouse/release_M7/gencode.vM7.transcripts.fa.gz,ftp://ftp.ebi.ac.uk/pub/databases/gencode/Gencode_mouse/release_M7/gencode.vM7.annotation.gtf.gz,c55323119ab8f7e79767e1f403207a380e8acd30a4bdd4ab02e7a6136d674ae8
GENCODE,Mus musculus,M6,GRCm38,ftp://ftp.ebi.ac.uk/pub/databases/gencode/Gencode_mouse/release_M6/gencode.vM6.transcripts.fa.gz,ftp://ftp.ebi.ac.uk/pub/databases/gencode/Gencode_mouse/release_M6/gencode.vM6.annotation.gtf.gz,f1d2b24f4eeff5aa1103fc3ed70df80b5fea326a2e01da36bb543f58be79bf3c
Ensembl,Homo sapiens,98,GRCh38,ftp://ftp.ensembl.org/pub/release-98/fasta/homo_sapiens/cdna/Homo_sapiens.GRCh38.cdna.all.fa.gz,ftp://ftp.ensembl.org/pub/release-98/gtf/homo_sapiens/Homo_sapiens.GRCh38.98.gtf.gz,876b61f79b3dfeb1b67697e717fe53469f786ce6f4641ce1c154e086221b87e2
Ensembl,Homo sapiens,97,GRCh38,ftp://ftp.ensembl.org/pub/release-97/fasta/homo_sapiens/cdna/Homo_sapiens.GRCh38.cdna.all.fa.gz,ftp://ftp.ensembl.org/pub/release-97/gtf/homo_sapiens/Homo_sapiens.GRCh38.97.gtf.gz,c1756fb43024b82a5b8e36e241ca4a80c929a709068f34268abe455a7ce60fa4
Ensembl,Homo sapiens,96,GRCh38,ftp://ftp.ensembl.org/pub/release-96/fasta/homo_sapiens/cdna/Homo_sapiens.GRCh38.cdna.all.fa.gz,ftp://ftp.ensembl.org/pub/release-96/gtf/homo_sapiens/Homo_sapiens.GRCh38.96.gtf.gz,917e0d5b8ebc542fa82e56fedc8becea29e7f7a17433c98d749d21d4f7ab24f7
Ensembl,Homo sapiens,95,GRCh38,ftp://ftp.ensembl.org/pub/release-95/fasta/homo_sapiens/cdna/Homo_sapiens.GRCh38.cdna.all.fa.gz,ftp://ftp.ensembl.org/pub/release-95/gtf/homo_sapiens/Homo_sapiens.GRCh38.95.gtf.gz,8819b9001447d48babe592762b273bdd7a4ea222e033bb75ddc922e75c1784b4
Ensembl,Homo sapiens,94,GRCh38,ftp://ftp.ensembl.org/pub/release-94/fasta/homo_sapiens/cdna/Homo_sapiens.GRCh38.cdna.all.fa.gz,ftp://ftp.ensembl.org/pub/release-94/gtf/homo_sapiens/Homo_sapiens.GRCh38.94.gtf.gz,8819b9001447d48babe592762b273bdd7a4ea222e033bb75ddc922e75c1784b4
Ensembl,Homo sapiens,93,GRCh38,ftp://ftp.ensembl.org/pub/release-93/fasta/homo_sapiens/cdna/Homo_sapiens.GRCh38.cdna.all.fa.gz,ftp://ftp.ensembl.org/pub/release-93/gtf/homo_sapiens/Homo_sapiens.GRCh38.93.gtf.gz,d3afebb13b5e2bac6bd14b1fe5e0c93add91af11261031661719be5595324e42
Ensembl,Homo sapiens,92,GRCh38,ftp://ftp.ensembl.org/pub/release-92/fasta/homo_sapiens/cdna/Homo_sapiens.GRCh38.cdna.all.fa.gz,ftp://ftp.ensembl.org/pub/release-92/gtf/homo_sapiens/Homo_sapiens.GRCh38.92.gtf.gz,d3afebb13b5e2bac6bd14b1fe5e0c93add91af11261031661719be5595324e42
Ensembl,Homo sapiens,91,GRCh38,ftp://ftp.ensembl.org/pub/release-91/fasta/homo_sapiens/cdna/Homo_sapiens.GRCh38.cdna.all.fa.gz,ftp://ftp.ensembl.org/pub/release-91/gtf/homo_sapiens/Homo_sapiens.GRCh38.91.gtf.gz,8ced459b319beeba27696f9a1f0daf6002278914fe93cc4771fd1540538b498e
Ensembl,Homo sapiens,90,GRCh38,ftp://ftp.ensembl.org/pub/release-90/fasta/homo_sapiens/cdna/Homo_sapiens.GRCh38.cdna.all.fa.gz,ftp://ftp.ensembl.org/pub/release-90/gtf/homo_sapiens/Homo_sapiens.GRCh38.90.gtf.gz,8ced459b319beeba27696f9a1f0daf6002278914fe93cc4771fd1540538b498e
Ensembl,Homo sapiens,89,GRCh38,ftp://ftp.ensembl.org/pub/release-89/fasta/homo_sapiens/cdna/Homo_sapiens.GRCh38.cdna.all.fa.gz,ftp://ftp.ensembl.org/pub/release-89/gtf/homo_sapiens/Homo_sapiens.GRCh38.89.gtf.gz,9849f7bf7efd677847373fc3dab537f9142a1973917061fb79b409564923d458
Ensembl,Homo sapiens,88,GRCh38,ftp://ftp.ensembl.org/pub/release-88/fasta/homo_sapiens/cdna/Homo_sapiens.GRCh38.cdna.all.fa.gz,ftp://ftp.ensembl.org/pub/release-88/gtf/homo_sapiens/Homo_sapiens.GRCh38.88.gtf.gz,9849f7bf7efd677847373fc3dab537f9142a1973917061fb79b409564923d458
Ensembl,Homo sapiens,87,GRCh38,ftp://ftp.ensembl.org/pub/release-87/fasta/homo_sapiens/cdna/Homo_sapiens.GRCh38.cdna.all.fa.gz,ftp://ftp.ensembl.org/pub/release-87/gtf/homo_sapiens/Homo_sapiens.GRCh38.87.gtf.gz,d4485bec33e35311f5b1d0979d71213301b2875e5362864034d74ceee44863fd
Ensembl,Homo sapiens,86,GRCh38,ftp://ftp.ensembl.org/pub/release-86/fasta/homo_sapiens/cdna/Homo_sapiens.GRCh38.cdna.all.fa.gz,ftp://ftp.ensembl.org/pub/release-86/gtf/homo_sapiens/Homo_sapiens.GRCh38.86.gtf.gz,d4485bec33e35311f5b1d0979d71213301b2875e5362864034d74ceee44863fd
Ensembl,Homo sapiens,85,GRCh38,ftp://ftp.ensembl.org/pub/release-85/fasta/homo_sapiens/cdna/Homo_sapiens.GRCh38.cdna.all.fa.gz,ftp://ftp.ensembl.org/pub/release-85/gtf/homo_sapiens/Homo_sapiens.GRCh38.85.gtf.gz,d4485bec33e35311f5b1d0979d71213301b2875e5362864034d74ceee44863fd
Ensembl,Homo sapiens,84,GRCh38,ftp://ftp.ensembl.org/pub/release-84/fasta/homo_sapiens/cdna/Homo_sapiens.GRCh38.cdna.all.fa.gz,ftp://ftp.ensembl.org/pub/release-84/gtf/homo_sapiens/Homo_sapiens.GRCh38.84.gtf.gz,5b2ed3ff2666a162ffb5c8e6558055934af56905f21a12f98379933a412b8184
Ensembl,Homo sapiens,83,GRCh38,ftp://ftp.ensembl.org/pub/release-83/fasta/homo_sapiens/cdna/Homo_sapiens.GRCh38.cdna.all.fa.gz,ftp://ftp.ensembl.org/pub/release-83/gtf/homo_sapiens/Homo_sapiens.GRCh38.83.gtf.gz,a92a9b2a1d29c3afdba5377ebba79d8902ea4b2820384c6aa0cebfd2db12a7cb
Ensembl,Homo sapiens,82,GRCh38,ftp://ftp.ensembl.org/pub/release-82/fasta/homo_sapiens/cdna/Homo_sapiens.GRCh38.cdna.all.fa.gz,ftp://ftp.ensembl.org/pub/release-82/gtf/homo_sapiens/Homo_sapiens.GRCh38.82.gtf.gz,be37d90e321f725559a5c9564e9d8f11f1bf965f25573ab37119a46390dcf972
Ensembl,Homo sapiens,81,GRCh38,ftp://ftp.ensembl.org/pub/release-81/fasta/homo_sapiens/cdna/Homo_sapiens.GRCh38.cdna.all.fa.gz,ftp://ftp.ensembl.org/pub/release-81/gtf/homo_sapiens/Homo_sapiens.GRCh38.81.gtf.gz,be37d90e321f725559a5c9564e9d8f11f1bf965f25573ab37119a46390dcf972
Ensembl,Homo sapiens,80,GRCh38,ftp://ftp.ensembl.org/pub/release-80/fasta/homo_sapiens/cdna/Homo_sapiens.GRCh38.cdna.all.fa.gz,ftp://ftp.ensembl.org/pub/release-80/gtf/homo_sapiens/Homo_sapiens.GRCh38.80.gtf.gz,830079385e79812ad7836e60d89f21c2303dc113d4c9a2b673e2041670b3459e
Ensembl,Homo sapiens,79,GRCh38,ftp://ftp.ensembl.org/pub/release-79/fasta/homo_sapiens/cdna/Homo_sapiens.GRCh38.cdna.all.fa.gz,ftp://ftp.ensembl.org/pub/release-79/gtf/homo_sapiens/Homo_sapiens.GRCh38.79.gtf.gz,830079385e79812ad7836e60d89f21c2303dc113d4c9a2b673e2041670b3459e
Ensembl,Homo sapiens,78,GRCh38,ftp://ftp.ensembl.org/pub/release-78/fasta/homo_sapiens/cdna/Homo_sapiens.GRCh38.cdna.all.fa.gz,ftp://ftp.ensembl.org/pub/release-78/gtf/homo_sapiens/Homo_sapiens.GRCh38.78.gtf.gz,b3b73a039d1f8e508cd226a41797e5900e8d78c13a28db0681a3c6f445d6c56e
Ensembl,Homo sapiens,77,GRCh38,ftp://ftp.ensembl.org/pub/release-77/fasta/homo_sapiens/cdna/Homo_sapiens.GRCh38.cdna.all.fa.gz,ftp://ftp.ensembl.org/pub/release-77/gtf/homo_sapiens/Homo_sapiens.GRCh38.77.gtf.gz,b3b73a039d1f8e508cd226a41797e5900e8d78c13a28db0681a3c6f445d6c56e
Ensembl,Homo sapiens,76,GRCh38,ftp://ftp.ensembl.org/pub/release-76/fasta/homo_sapiens/cdna/Homo_sapiens.GRCh38.cdna.all.fa.gz,ftp://ftp.ensembl.org/pub/release-76/gtf/homo_sapiens/Homo_sapiens.GRCh38.76.gtf.gz,2c39dc5f6f1659d8ceaca7227349cf3c54f08d5acc42057cac1bb9e53b0f5faf
Ensembl,Mus musculus,98,GRCm38,ftp://ftp.ensembl.org/pub/release-98/fasta/mus_musculus/cdna/Mus_musculus.GRCm38.cdna.all.fa.gz,ftp://ftp.ensembl.org/pub/release-98/gtf/mus_musculus/Mus_musculus.GRCm38.98.gtf.gz,26c7d0b88bdd83d3d1db63eb46f388f3d5ff3aac866e03a0b0fcda75269178ed
Ensembl,Mus musculus,97,GRCm38,ftp://ftp.ensembl.org/pub/release-97/fasta/mus_musculus/cdna/Mus_musculus.GRCm38.cdna.all.fa.gz,ftp://ftp.ensembl.org/pub/release-97/gtf/mus_musculus/Mus_musculus.GRCm38.97.gtf.gz,e623f2529571026db8f6928da7049a22815025ef0875f347c8f0417b1291f481
Ensembl,Mus musculus,96,GRCm38,ftp://ftp.ensembl.org/pub/release-96/fasta/mus_musculus/cdna/Mus_musculus.GRCm38.cdna.all.fa.gz,ftp://ftp.ensembl.org/pub/release-96/gtf/mus_musculus/Mus_musculus.GRCm38.96.gtf.gz,211eb585eadf818818bfa56d8c9648b28639b47cdad872b65797d9fb9e0894b9
Ensembl,Mus musculus,95,GRCm38,ftp://ftp.ensembl.org/pub/release-95/fasta/mus_musculus/cdna/Mus_musculus.GRCm38.cdna.all.fa.gz,ftp://ftp.ensembl.org/pub/release-95/gtf/mus_musculus/Mus_musculus.GRCm38.95.gtf.gz,ed960d61a4f13b5a6e1fd899d875ab1fcf17254a4ee34291d6d959933f8e87ee
Ensembl,Mus musculus,94,GRCm38,ftp://ftp.ensembl.org/pub/release-94/fasta/mus_musculus/cdna/Mus_musculus.GRCm38.cdna.all.fa.gz,ftp://ftp.ensembl.org/pub/release-94/gtf/mus_musculus/Mus_musculus.GRCm38.94.gtf.gz,9a32532a1a549d8a27e5ca8f8aeacbbff1199540ad38b41817c1f4c06e8d06ae
Ensembl,Mus musculus,93,GRCm38,ftp://ftp.ensembl.org/pub/release-93/fasta/mus_musculus/cdna/Mus_musculus.GRCm38.cdna.all.fa.gz,ftp://ftp.ensembl.org/pub/release-93/gtf/mus_musculus/Mus_musculus.GRCm38.93.gtf.gz,7941cfb06839a0b80e64e33894c372b4335d5e8bc112af23372f9dc2278be520
Ensembl,Mus musculus,92,GRCm38,ftp://ftp.ensembl.org/pub/release-92/fasta/mus_musculus/cdna/Mus_musculus.GRCm38.cdna.all.fa.gz,ftp://ftp.ensembl.org/pub/release-92/gtf/mus_musculus/Mus_musculus.GRCm38.92.gtf.gz,a48a2742bcaed435ccce71ad42f913d41f8876195771c0a9aecf297b77ef99ef
Ensembl,Mus musculus,91,GRCm38,ftp://ftp.ensembl.org/pub/release-91/fasta/mus_musculus/cdna/Mus_musculus.GRCm38.cdna.all.fa.gz,ftp://ftp.ensembl.org/pub/release-91/gtf/mus_musculus/Mus_musculus.GRCm38.91.gtf.gz,39a9a36c7c7ec6f54cb896a9f8dcb703e3c850e2e65e347c142b41b8e067cc2a
Ensembl,Mus musculus,90,GRCm38,ftp://ftp.ensembl.org/pub/release-90/fasta/mus_musculus/cdna/Mus_musculus.GRCm38.cdna.all.fa.gz,ftp://ftp.ensembl.org/pub/release-90/gtf/mus_musculus/Mus_musculus.GRCm38.90.gtf.gz,b3a800b69b7715d5b4e28b1e53d045afa145a6fba261518261ac8dc5998476a3
Ensembl,Mus musculus,89,GRCm38,ftp://ftp.ensembl.org/pub/release-89/fasta/mus_musculus/cdna/Mus_musculus.GRCm38.cdna.all.fa.gz,ftp://ftp.ensembl.org/pub/release-89/gtf/mus_musculus/Mus_musculus.GRCm38.89.gtf.gz,492b34757f43265bdd0f05176a2153b6c4fb9f5211e42461e25a95acf9418986
Ensembl,Mus musculus,88,GRCm38,ftp://ftp.ensembl.org/pub/release-88/fasta/mus_musculus/cdna/Mus_musculus.GRCm38.cdna.all.fa.gz,ftp://ftp.ensembl.org/pub/release-88/gtf/mus_musculus/Mus_musculus.GRCm38.88.gtf.gz,08b79a593efffcf2eb5a9f35309c356334f5c45c7abc5d1134e9af93ace694d9
Ensembl,Mus musculus,87,GRCm38,ftp://ftp.ensembl.org/pub/release-87/fasta/mus_musculus/cdna/Mus_musculus.GRCm38.cdna.all.fa.gz,ftp://ftp.ensembl.org/pub/release-87/gtf/mus_musculus/Mus_musculus.GRCm38.87.gtf.gz,e644e6af9dce08fbfa13d4013c843a3d53a73d0dd1f5388fed9c3034ef352cfb
Ensembl,Mus musculus,86,GRCm38,ftp://ftp.ensembl.org/pub/release-86/fasta/mus_musculus/cdna/Mus_musculus.GRCm38.cdna.all.fa.gz,ftp://ftp.ensembl.org/pub/release-86/gtf/mus_musculus/Mus_musculus.GRCm38.86.gtf.gz,e7fae7d746b1133913cf6252e1fc5148bd31ccc6a84acdd4395398c9cb1228fa
Ensembl,Mus musculus,85,GRCm38,ftp://ftp.ensembl.org/pub/release-85/fasta/mus_musculus/cdna/Mus_musculus.GRCm38.cdna.all.fa.gz,ftp://ftp.ensembl.org/pub/release-85/gtf/mus_musculus/Mus_musculus.GRCm38.85.gtf.gz,b6635b6d5fd06e1e5a26a3aaf604a6f00f48afdd0f35a9464606e868f0f7d70f
Ensembl,Mus musculus,84,GRCm38,ftp://ftp.ensembl.org/pub/release-84/fasta/mus_musculus/cdna/Mus_musculus.GRCm38.cdna.all.fa.gz,ftp://ftp.ensembl.org/pub/release-84/gtf/mus_musculus/Mus_musculus.GRCm38.84.gtf.gz,7339fb081783c92991e962f5f2d553c563a13465386f7c8536495eb71c7937ab
Ensembl,Mus musculus,83,GRCm38,ftp://ftp.ensembl.org/pub/release-83/fasta/mus_musculus/cdna/Mus_musculus.GRCm38.cdna.all.fa.gz,ftp://ftp.ensembl.org/pub/release-83/gtf/mus_musculus/Mus_musculus.GRCm38.83.gtf.gz,ba848c35220f129280e5522a9f25cff54578efdd28f8ee9cdd2bc336e97af092
Ensembl,Mus musculus,82,GRCm38,ftp://ftp.ensembl.org/pub/release-82/fasta/mus_musculus/cdna/Mus_musculus.GRCm38.cdna.all.fa.gz,ftp://ftp.ensembl.org/pub/release-82/gtf/mus_musculus/Mus_musculus.GRCm38.82.gtf.gz,3bb5a333607b459221fe3db70690a19e36f57b97b433791fb55a3cb5b2ab8480
Ensembl,Mus musculus,81,GRCm38,ftp://ftp.ensembl.org/pub/release-81/fasta/mus_musculus/cdna/Mus_musculus.GRCm38.cdna.all.fa.gz,ftp://ftp.ensembl.org/pub/release-81/gtf/mus_musculus/Mus_musculus.GRCm38.81.gtf.gz,01783a28ea6887865e1c0a590a03959f74b19a0aa5da4710380c67eae2367bbc
Ensembl,Mus musculus,80,GRCm38,ftp://ftp.ensembl.org/pub/release-80/fasta/mus_musculus/cdna/Mus_musculus.GRCm38.cdna.all.fa.gz,ftp://ftp.ensembl.org/pub/release-80/gtf/mus_musculus/Mus_musculus.GRCm38.80.gtf.gz,6fb93ec6f780bf6864b41e8a49c6ba38c01ea4b90f0b1c134910b6c3d0ca9778
Ensembl,Mus musculus,79,GRCm38,ftp://ftp.ensembl.org/pub/release-79/fasta/mus_musculus/cdna/Mus_musculus.GRCm38.cdna.all.fa.gz,ftp://ftp.ensembl.org/pub/release-79/gtf/mus_musculus/Mus_musculus.GRCm38.79.gtf.gz,3029f156532bfc8eaa8f2d3facbfd62d04b9204e666932525ea4adde91ca07ce
Ensembl,Mus musculus,78,GRCm38,ftp://ftp.ensembl.org/pub/release-78/fasta/mus_musculus/cdna/Mus_musculus.GRCm38.cdna.all.fa.gz,ftp://ftp.ensembl.org/pub/release-78/gtf/mus_musculus/Mus_musculus.GRCm38.78.gtf.gz,3029f156532bfc8eaa8f2d3facbfd62d04b9204e666932525ea4adde91ca07ce
Ensembl,Mus musculus,77,GRCm38,ftp://ftp.ensembl.org/pub/release-77/fasta/mus_musculus/cdna/Mus_musculus.GRCm38.cdna.all.fa.gz,ftp://ftp.ensembl.org/pub/release-77/gtf/mus_musculus/Mus_musculus.GRCm38.77.gtf.gz,86861705ff90893db6cdb16e334103e9fe340e6355372cd59e53a47c15785086
Ensembl,Mus musculus,76,GRCm38,ftp://ftp.ensembl.org/pub/release-76/fasta/mus_musculus/cdna/Mus_musculus.GRCm38.cdna.all.fa.gz,ftp://ftp.ensembl.org/pub/release-76/gtf/mus_musculus/Mus_musculus.GRCm38.76.gtf.gz,86861705ff90893db6cdb16e334103e9fe340e6355372cd59e53a47c15785086
Ensembl,Drosophila melanogaster,98,BDGP6.22,ftp://ftp.ensembl.org/pub/release-98/fasta/drosophila_melanogaster/cdna/Drosophila_melanogaster.BDGP6.22.cdna.all.fa.gz,ftp://ftp.ensembl.org/pub/release-98/gtf/drosophila_melanogaster/Drosophila_melanogaster.BDGP6.22.98.gtf.gz,9732560722c77ba022934df811211a5427f8b9bce957e5feb204fa8aced7002e
Ensembl,Drosophila melanogaster,97,BDGP6.22,ftp://ftp.ensembl.org/pub/release-97/fasta/drosophila_melanogaster/cdna/Drosophila_melanogaster.BDGP6.22.cdna.all.fa.gz,ftp://ftp.ensembl.org/pub/release-97/gtf/drosophila_melanogaster/Drosophila_melanogaster.BDGP6.22.97.gtf.gz,9732560722c77ba022934df811211a5427f8b9bce957e5feb204fa8aced7002e
Ensembl,Drosophila melanogaster,96,BDGP6.22,ftp://ftp.ensembl.org/pub/release-96/fasta/drosophila_melanogaster/cdna/Drosophila_melanogaster.BDGP6.22.cdna.all.fa.gz,ftp://ftp.ensembl.org/pub/release-96/gtf/drosophila_melanogaster/Drosophila_melanogaster.BDGP6.22.96.gtf.gz,9732560722c77ba022934df811211a5427f8b9bce957e5feb204fa8aced7002e
Ensembl,Drosophila melanogaster,95,BDGP6,ftp://ftp.ensembl.org/pub/release-95/fasta/drosophila_melanogaster/cdna/Drosophila_melanogaster.BDGP6.cdna.all.fa.gz,ftp://ftp.ensembl.org/pub/release-95/gtf/drosophila_melanogaster/Drosophila_melanogaster.BDGP6.95.gtf.gz,b41ea9ba9c81e2cad7cfa49e4bf9ee67dd297dc0b9ff40bdb1142699f00c8f7d
Ensembl,Drosophila melanogaster,94,BDGP6,ftp://ftp.ensembl.org/pub/release-94/fasta/drosophila_melanogaster/cdna/Drosophila_melanogaster.BDGP6.cdna.all.fa.gz,ftp://ftp.ensembl.org/pub/release-94/gtf/drosophila_melanogaster/Drosophila_melanogaster.BDGP6.94.gtf.gz,b41ea9ba9c81e2cad7cfa49e4bf9ee67dd297dc0b9ff40bdb1142699f00c8f7d
Ensembl,Drosophila melanogaster,93,BDGP6,ftp://ftp.ensembl.org/pub/release-93/fasta/drosophila_melanogaster/cdna/Drosophila_melanogaster.BDGP6.cdna.all.fa.gz,ftp://ftp.ensembl.org/pub/release-93/gtf/drosophila_melanogaster/Drosophila_melanogaster.BDGP6.93.gtf.gz,b41ea9ba9c81e2cad7cfa49e4bf9ee67dd297dc0b9ff40bdb1142699f00c8f7d
Ensembl,Drosophila melanogaster,92,BDGP6,ftp://ftp.ensembl.org/pub/release-92/fasta/drosophila_melanogaster/cdna/Drosophila_melanogaster.BDGP6.cdna.all.fa.gz,ftp://ftp.ensembl.org/pub/release-92/gtf/drosophila_melanogaster/Drosophila_melanogaster.BDGP6.92.gtf.gz,b41ea9ba9c81e2cad7cfa49e4bf9ee67dd297dc0b9ff40bdb1142699f00c8f7d
Ensembl,Drosophila melanogaster,91,BDGP6,ftp://ftp.ensembl.org/pub/release-91/fasta/drosophila_melanogaster/cdna/Drosophila_melanogaster.BDGP6.cdna.all.fa.gz,ftp://ftp.ensembl.org/pub/release-91/gtf/drosophila_melanogaster/Drosophila_melanogaster.BDGP6.91.gtf.gz,b41ea9ba9c81e2cad7cfa49e4bf9ee67dd297dc0b9ff40bdb1142699f00c8f7d
Ensembl,Drosophila melanogaster,90,BDGP6,ftp://ftp.ensembl.org/pub/release-90/fasta/drosophila_melanogaster/cdna/Drosophila_melanogaster.BDGP6.cdna.all.fa.gz,ftp://ftp.ensembl.org/pub/release-90/gtf/drosophila_melanogaster/Drosophila_melanogaster.BDGP6.90.gtf.gz,f09e4c9cd1b08ef829f3a64c62d6a05c5d7d8cd482d2c4f76469ac11b37f55c9
Ensembl,Drosophila melanogaster,89,BDGP6,ftp://ftp.ensembl.org/pub/release-89/fasta/drosophila_melanogaster/cdna/Drosophila_melanogaster.BDGP6.cdna.all.fa.gz,ftp://ftp.ensembl.org/pub/release-89/gtf/drosophila_melanogaster/Drosophila_melanogaster.BDGP6.89.gtf.gz,f09e4c9cd1b08ef829f3a64c62d6a05c5d7d8cd482d2c4f76469ac11b37f55c9
Ensembl,Drosophila melanogaster,88,BDGP6,ftp://ftp.ensembl.org/pub/release-88/fasta/drosophila_melanogaster/cdna/Drosophila_melanogaster.BDGP6.cdna.all.fa.gz,ftp://ftp.ensembl.org/pub/release-88/gtf/drosophila_melanogaster/Drosophila_melanogaster.BDGP6.88.gtf.gz,f09e4c9cd1b08ef829f3a64c62d6a05c5d7d8cd482d2c4f76469ac11b37f55c9
Ensembl,Drosophila melanogaster,87,BDGP6,ftp://ftp.ensembl.org/pub/release-87/fasta/drosophila_melanogaster/cdna/Drosophila_melanogaster.BDGP6.cdna.all.fa.gz,ftp://ftp.ensembl.org/pub/release-87/gtf/drosophila_melanogaster/Drosophila_melanogaster.BDGP6.87.gtf.gz,f09e4c9cd1b08ef829f3a64c62d6a05c5d7d8cd482d2c4f76469ac11b37f55c9
Ensembl,Drosophila melanogaster,86,BDGP6,ftp://ftp.ensembl.org/pub/release-86/fasta/drosophila_melanogaster/cdna/Drosophila_melanogaster.BDGP6.cdna.all.fa.gz,ftp://ftp.ensembl.org/pub/release-86/gtf/drosophila_melanogaster/Drosophila_melanogaster.BDGP6.86.gtf.gz,f09e4c9cd1b08ef829f3a64c62d6a05c5d7d8cd482d2c4f76469ac11b37f55c9
Ensembl,Drosophila melanogaster,85,BDGP6,ftp://ftp.ensembl.org/pub/release-85/fasta/drosophila_melanogaster/cdna/Drosophila_melanogaster.BDGP6.cdna.all.fa.gz,ftp://ftp.ensembl.org/pub/release-85/gtf/drosophila_melanogaster/Drosophila_melanogaster.BDGP6.85.gtf.gz,f09e4c9cd1b08ef829f3a64c62d6a05c5d7d8cd482d2c4f76469ac11b37f55c9
Ensembl,Drosophila melanogaster,84,BDGP6,ftp://ftp.ensembl.org/pub/release-84/fasta/drosophila_melanogaster/cdna/Drosophila_melanogaster.BDGP6.cdna.all.fa.gz,ftp://ftp.ensembl.org/pub/release-84/gtf/drosophila_melanogaster/Drosophila_melanogaster.BDGP6.84.gtf.gz,f09e4c9cd1b08ef829f3a64c62d6a05c5d7d8cd482d2c4f76469ac11b37f55c9
Ensembl,Drosophila melanogaster,83,BDGP6,ftp://ftp.ensembl.org/pub/release-83/fasta/drosophila_melanogaster/cdna/Drosophila_melanogaster.BDGP6.cdna.all.fa.gz,ftp://ftp.ensembl.org/pub/release-83/gtf/drosophila_melanogaster/Drosophila_melanogaster.BDGP6.83.gtf.gz,f09e4c9cd1b08ef829f3a64c62d6a05c5d7d8cd482d2c4f76469ac11b37f55c9
Ensembl,Drosophila melanogaster,82,BDGP6,ftp://ftp.ensembl.org/pub/release-82/fasta/drosophila_melanogaster/cdna/Drosophila_melanogaster.BDGP6.cdna.all.fa.gz,ftp://ftp.ensembl.org/pub/release-82/gtf/drosophila_melanogaster/Drosophila_melanogaster.BDGP6.82.gtf.gz,f09e4c9cd1b08ef829f3a64c62d6a05c5d7d8cd482d2c4f76469ac11b37f55c9
Ensembl,Drosophila melanogaster,81,BDGP6,ftp://ftp.ensembl.org/pub/release-81/fasta/drosophila_melanogaster/cdna/Drosophila_melanogaster.BDGP6.cdna.all.fa.gz,ftp://ftp.ensembl.org/pub/release-81/gtf/drosophila_melanogaster/Drosophila_melanogaster.BDGP6.81.gtf.gz,f09e4c9cd1b08ef829f3a64c62d6a05c5d7d8cd482d2c4f76469ac11b37f55c9
Ensembl,Drosophila melanogaster,80,BDGP6,ftp://ftp.ensembl.org/pub/release-80/fasta/drosophila_melanogaster/cdna/Drosophila_melanogaster.BDGP6.cdna.all.fa.gz,ftp://ftp.ensembl.org/pub/release-80/gtf/drosophila_melanogaster/Drosophila_melanogaster.BDGP6.80.gtf.gz,f09e4c9cd1b08ef829f3a64c62d6a05c5d7d8cd482d2c4f76469ac11b37f55c9
Ensembl,Drosophila melanogaster,79,BDGP6,ftp://ftp.ensembl.org/pub/release-79/fasta/drosophila_melanogaster/cdna/Drosophila_melanogaster.BDGP6.cdna.all.fa.gz,ftp://ftp.ensembl.org/pub/release-79/gtf/drosophila_melanogaster/Drosophila_melanogaster.BDGP6.79.gtf.gz,f09e4c9cd1b08ef829f3a64c62d6a05c5d7d8cd482d2c4f76469ac11b37f55c9
Ensembl,Homo sapiens,98,GRCh38,ftp://ftp.ensembl.org/pub/release-98/fasta/homo_sapiens/cdna/Homo_sapiens.GRCh38.cdna.all.fa.gz ftp://ftp.ensembl.org/pub/release-98/fasta/homo_sapiens/ncrna/Homo_sapiens.GRCh38.ncrna.fa.gz,ftp://ftp.ensembl.org/pub/release-98/gtf/homo_sapiens/Homo_sapiens.GRCh38.98.gtf.gz,afae900a8fe578ee066e69d6991302dc980f80150d0e77285eb46dca77c8fee8
Ensembl,Homo sapiens,97,GRCh38,ftp://ftp.ensembl.org/pub/release-97/fasta/homo_sapiens/cdna/Homo_sapiens.GRCh38.cdna.all.fa.gz ftp://ftp.ensembl.org/pub/release-97/fasta/homo_sapiens/ncrna/Homo_sapiens.GRCh38.ncrna.fa.gz,ftp://ftp.ensembl.org/pub/release-97/gtf/homo_sapiens/Homo_sapiens.GRCh38.97.gtf.gz,2fb17312d41a71f043f5a347ff25dc571840670c58b6871bab04078d7462475a
Ensembl,Homo sapiens,96,GRCh38,ftp://ftp.ensembl.org/pub/release-96/fasta/homo_sapiens/cdna/Homo_sapiens.GRCh38.cdna.all.fa.gz ftp://ftp.ensembl.org/pub/release-96/fasta/homo_sapiens/ncrna/Homo_sapiens.GRCh38.ncrna.fa.gz,ftp://ftp.ensembl.org/pub/release-96/gtf/homo_sapiens/Homo_sapiens.GRCh38.96.gtf.gz,abc121acb9775b960c10967d0b93c9797dedb710dc5cab9d50cc5d3863c10d16
Ensembl,Homo sapiens,95,GRCh38,ftp://ftp.ensembl.org/pub/release-95/fasta/homo_sapiens/cdna/Homo_sapiens.GRCh38.cdna.all.fa.gz ftp://ftp.ensembl.org/pub/release-95/fasta/homo_sapiens/ncrna/Homo_sapiens.GRCh38.ncrna.fa.gz,ftp://ftp.ensembl.org/pub/release-95/gtf/homo_sapiens/Homo_sapiens.GRCh38.95.gtf.gz,a40c5d60ce3eb1fa158b2d751a79358a8f185feb7d8a6800bde90b31fe71919d
Ensembl,Homo sapiens,94,GRCh38,ftp://ftp.ensembl.org/pub/release-94/fasta/homo_sapiens/cdna/Homo_sapiens.GRCh38.cdna.all.fa.gz ftp://ftp.ensembl.org/pub/release-94/fasta/homo_sapiens/ncrna/Homo_sapiens.GRCh38.ncrna.fa.gz,ftp://ftp.ensembl.org/pub/release-94/gtf/homo_sapiens/Homo_sapiens.GRCh38.94.gtf.gz,a40c5d60ce3eb1fa158b2d751a79358a8f185feb7d8a6800bde90b31fe71919d
Ensembl,Homo sapiens,93,GRCh38,ftp://ftp.ensembl.org/pub/release-93/fasta/homo_sapiens/cdna/Homo_sapiens.GRCh38.cdna.all.fa.gz ftp://ftp.ensembl.org/pub/release-93/fasta/homo_sapiens/ncrna/Homo_sapiens.GRCh38.ncrna.fa.gz,ftp://ftp.ensembl.org/pub/release-93/gtf/homo_sapiens/Homo_sapiens.GRCh38.93.gtf.gz,318fd5413a61494cc78936217fc3cceff6c4e0749b4034cd715a6cd3a2d6f276
Ensembl,Homo sapiens,92,GRCh38,ftp://ftp.ensembl.org/pub/release-92/fasta/homo_sapiens/cdna/Homo_sapiens.GRCh38.cdna.all.fa.gz ftp://ftp.ensembl.org/pub/release-92/fasta/homo_sapiens/ncrna/Homo_sapiens.GRCh38.ncrna.fa.gz,ftp://ftp.ensembl.org/pub/release-92/gtf/homo_sapiens/Homo_sapiens.GRCh38.92.gtf.gz,318fd5413a61494cc78936217fc3cceff6c4e0749b4034cd715a6cd3a2d6f276
Ensembl,Homo sapiens,91,GRCh38,ftp://ftp.ensembl.org/pub/release-91/fasta/homo_sapiens/cdna/Homo_sapiens.GRCh38.cdna.all.fa.gz ftp://ftp.ensembl.org/pub/release-91/fasta/homo_sapiens/ncrna/Homo_sapiens.GRCh38.ncrna.fa.gz,ftp://ftp.ensembl.org/pub/release-91/gtf/homo_sapiens/Homo_sapiens.GRCh38.91.gtf.gz,6b2355e807262e72dcf5ea6cd98319858eeed882b294a9e941c0c7ab00042f39
Ensembl,Homo sapiens,90,GRCh38,ftp://ftp.ensembl.org/pub/release-90/fasta/homo_sapiens/cdna/Homo_sapiens.GRCh38.cdna.all.fa.gz ftp://ftp.ensembl.org/pub/release-90/fasta/homo_sapiens/ncrna/Homo_sapiens.GRCh38.ncrna.fa.gz,ftp://ftp.ensembl.org/pub/release-90/gtf/homo_sapiens/Homo_sapiens.GRCh38.90.gtf.gz,6b2355e807262e72dcf5ea6cd98319858eeed882b294a9e941c0c7ab00042f39
Ensembl,Homo sapiens,89,GRCh38,ftp://ftp.ensembl.org/pub/release-89/fasta/homo_sapiens/cdna/Homo_sapiens.GRCh38.cdna.all.fa.gz ftp://ftp.ensembl.org/pub/release-89/fasta/homo_sapiens/ncrna/Homo_sapiens.GRCh38.ncrna.fa.gz,ftp://ftp.ensembl.org/pub/release-89/gtf/homo_sapiens/Homo_sapiens.GRCh38.89.gtf.gz,9a15baa4a3217b14f950a9da514f846789a5499165e957e15027e2903716e39e
Ensembl,Homo sapiens,88,GRCh38,ftp://ftp.ensembl.org/pub/release-88/fasta/homo_sapiens/cdna/Homo_sapiens.GRCh38.cdna.all.fa.gz ftp://ftp.ensembl.org/pub/release-88/fasta/homo_sapiens/ncrna/Homo_sapiens.GRCh38.ncrna.fa.gz,ftp://ftp.ensembl.org/pub/release-88/gtf/homo_sapiens/Homo_sapiens.GRCh38.88.gtf.gz,9a15baa4a3217b14f950a9da514f846789a5499165e957e15027e2903716e39e
Ensembl,Homo sapiens,87,GRCh38,ftp://ftp.ensembl.org/pub/release-87/fasta/homo_sapiens/cdna/Homo_sapiens.GRCh38.cdna.all.fa.gz ftp://ftp.ensembl.org/pub/release-87/fasta/homo_sapiens/ncrna/Homo_sapiens.GRCh38.ncrna.fa.gz,ftp://ftp.ensembl.org/pub/release-87/gtf/homo_sapiens/Homo_sapiens.GRCh38.87.gtf.gz,5734f6acf3be3aa5103c5302b5a0807dd46d217da801d39d331798438649360b
Ensembl,Homo sapiens,86,GRCh38,ftp://ftp.ensembl.org/pub/release-86/fasta/homo_sapiens/cdna/Homo_sapiens.GRCh38.cdna.all.fa.gz ftp://ftp.ensembl.org/pub/release-86/fasta/homo_sapiens/ncrna/Homo_sapiens.GRCh38.ncrna.fa.gz,ftp://ftp.ensembl.org/pub/release-86/gtf/homo_sapiens/Homo_sapiens.GRCh38.86.gtf.gz,5734f6acf3be3aa5103c5302b5a0807dd46d217da801d39d331798438649360b
Ensembl,Homo sapiens,85,GRCh38,ftp://ftp.ensembl.org/pub/release-85/fasta/homo_sapiens/cdna/Homo_sapiens.GRCh38.cdna.all.fa.gz ftp://ftp.ensembl.org/pub/release-85/fasta/homo_sapiens/ncrna/Homo_sapiens.GRCh38.ncrna.fa.gz,ftp://ftp.ensembl.org/pub/release-85/gtf/homo_sapiens/Homo_sapiens.GRCh38.85.gtf.gz,5734f6acf3be3aa5103c5302b5a0807dd46d217da801d39d331798438649360b
Ensembl,Homo sapiens,84,GRCh38,ftp://ftp.ensembl.org/pub/release-84/fasta/homo_sapiens/cdna/Homo_sapiens.GRCh38.cdna.all.fa.gz ftp://ftp.ensembl.org/pub/release-84/fasta/homo_sapiens/ncrna/Homo_sapiens.GRCh38.ncrna.fa.gz,ftp://ftp.ensembl.org/pub/release-84/gtf/homo_sapiens/Homo_sapiens.GRCh38.84.gtf.gz,b7d80b586781fcd740925d8659d7ea6f52564128c5fa88b9485fbd86274ae075
Ensembl,Homo sapiens,83,GRCh38,ftp://ftp.ensembl.org/pub/release-83/fasta/homo_sapiens/cdna/Homo_sapiens.GRCh38.cdna.all.fa.gz ftp://ftp.ensembl.org/pub/release-83/fasta/homo_sapiens/ncrna/Homo_sapiens.GRCh38.ncrna.fa.gz,ftp://ftp.ensembl.org/pub/release-83/gtf/homo_sapiens/Homo_sapiens.GRCh38.83.gtf.gz,fd89de157b01787fac60b0b2b93613ce1b7a838c12b3ce68b81114aa6903c3a8
Ensembl,Homo sapiens,82,GRCh38,ftp://ftp.ensembl.org/pub/release-82/fasta/homo_sapiens/cdna/Homo_sapiens.GRCh38.cdna.all.fa.gz ftp://ftp.ensembl.org/pub/release-82/fasta/homo_sapiens/ncrna/Homo_sapiens.GRCh38.ncrna.fa.gz,ftp://ftp.ensembl.org/pub/release-82/gtf/homo_sapiens/Homo_sapiens.GRCh38.82.gtf.gz,870fa36e98fd10d0f08f4769e0e19f5e0c250d7b6d5424d08c53a092f34fece3
Ensembl,Homo sapiens,81,GRCh38,ftp://ftp.ensembl.org/pub/release-81/fasta/homo_sapiens/cdna/Homo_sapiens.GRCh38.cdna.all.fa.gz ftp://ftp.ensembl.org/pub/release-81/fasta/homo_sapiens/ncrna/Homo_sapiens.GRCh38.ncrna.fa.gz,ftp://ftp.ensembl.org/pub/release-81/gtf/homo_sapiens/Homo_sapiens.GRCh38.81.gtf.gz,870fa36e98fd10d0f08f4769e0e19f5e0c250d7b6d5424d08c53a092f34fece3
Ensembl,Homo sapiens,80,GRCh38,ftp://ftp.ensembl.org/pub/release-80/fasta/homo_sapiens/cdna/Homo_sapiens.GRCh38.cdna.all.fa.gz ftp://ftp.ensembl.org/pub/release-80/fasta/homo_sapiens/ncrna/Homo_sapiens.GRCh38.ncrna.fa.gz,ftp://ftp.ensembl.org/pub/release-80/gtf/homo_sapiens/Homo_sapiens.GRCh38.80.gtf.gz,e715145393fa9bad9e0b9ecb2930c45b93f90e5b53ae54066ec5afdb9222d206
Ensembl,Homo sapiens,79,GRCh38,ftp://ftp.ensembl.org/pub/release-79/fasta/homo_sapiens/cdna/Homo_sapiens.GRCh38.cdna.all.fa.gz ftp://ftp.ensembl.org/pub/release-79/fasta/homo_sapiens/ncrna/Homo_sapiens.GRCh38.ncrna.fa.gz,ftp://ftp.ensembl.org/pub/release-79/gtf/homo_sapiens/Homo_sapiens.GRCh38.79.gtf.gz,e715145393fa9bad9e0b9ecb2930c45b93f90e5b53ae54066ec5afdb9222d206
Ensembl,Homo sapiens,78,GRCh38,ftp://ftp.ensembl.org/pub/release-78/fasta/homo_sapiens/cdna/Homo_sapiens.GRCh38.cdna.all.fa.gz ftp://ftp.ensembl.org/pub/release-78/fasta/homo_sapiens/ncrna/Homo_sapiens.GRCh38.ncrna.fa.gz,ftp://ftp.ensembl.org/pub/release-78/gtf/homo_sapiens/Homo_sapiens.GRCh38.78.gtf.gz,2d5c45feab62b177764cd4088991dcc87f580b0f27f8cde2107d4d32df2e77e9
Ensembl,Homo sapiens,77,GRCh38,ftp://ftp.ensembl.org/pub/release-77/fasta/homo_sapiens/cdna/Homo_sapiens.GRCh38.cdna.all.fa.gz ftp://ftp.ensembl.org/pub/release-77/fasta/homo_sapiens/ncrna/Homo_sapiens.GRCh38.ncrna.fa.gz,ftp://ftp.ensembl.org/pub/release-77/gtf/homo_sapiens/Homo_sapiens.GRCh38.77.gtf.gz,2d5c45feab62b177764cd4088991dcc87f580b0f27f8cde2107d4d32df2e77e9
Ensembl,Homo sapiens,76,GRCh38,ftp://ftp.ensembl.org/pub/release-76/fasta/homo_sapiens/cdna/Homo_sapiens.GRCh38.cdna.all.fa.gz ftp://ftp.ensembl.org/pub/release-76/fasta/homo_sapiens/ncrna/Homo_sapiens.GRCh38.ncrna.fa.gz,ftp://ftp.ensembl.org/pub/release-76/gtf/homo_sapiens/Homo_sapiens.GRCh38.76.gtf.gz,e23d4f8ccbfa7bff14dee4076cde7558e91134c11af60463857272a5b28c8a1d
Ensembl,Mus musculus,98,GRCm38,ftp://ftp.ensembl.org/pub/release-98/fasta/mus_musculus/cdna/Mus_musculus.GRCm38.cdna.all.fa.gz ftp://ftp.ensembl.org/pub/release-98/fasta/mus_musculus/ncrna/Mus_musculus.GRCm38.ncrna.fa.gz,ftp://ftp.ensembl.org/pub/release-98/gtf/mus_musculus/Mus_musculus.GRCm38.98.gtf.gz,74fab8e0030dd3e5b1c74e51b7c0620f0c4590741512ba2c5227b89aa433bb58
Ensembl,Mus musculus,97,GRCm38,ftp://ftp.ensembl.org/pub/release-97/fasta/mus_musculus/cdna/Mus_musculus.GRCm38.cdna.all.fa.gz ftp://ftp.ensembl.org/pub/release-97/fasta/mus_musculus/ncrna/Mus_musculus.GRCm38.ncrna.fa.gz,ftp://ftp.ensembl.org/pub/release-97/gtf/mus_musculus/Mus_musculus.GRCm38.97.gtf.gz,ed6b7e5caaa9147d01b6976dc8e3e7a062819911318e885e2032b2b558052538
Ensembl,Mus musculus,96,GRCm38,ftp://ftp.ensembl.org/pub/release-96/fasta/mus_musculus/cdna/Mus_musculus.GRCm38.cdna.all.fa.gz ftp://ftp.ensembl.org/pub/release-96/fasta/mus_musculus/ncrna/Mus_musculus.GRCm38.ncrna.fa.gz,ftp://ftp.ensembl.org/pub/release-96/gtf/mus_musculus/Mus_musculus.GRCm38.96.gtf.gz,b381ab74b9d08b2ffc7aff4ecf728730956e5e45c9b05453dc22e6e30c223158
Ensembl,Mus musculus,95,GRCm38,ftp://ftp.ensembl.org/pub/release-95/fasta/mus_musculus/cdna/Mus_musculus.GRCm38.cdna.all.fa.gz ftp://ftp.ensembl.org/pub/release-95/fasta/mus_musculus/ncrna/Mus_musculus.GRCm38.ncrna.fa.gz,ftp://ftp.ensembl.org/pub/release-95/gtf/mus_musculus/Mus_musculus.GRCm38.95.gtf.gz,118a7a68a0bd567c358307ac5db39bf66ad7de2db1604469cfafbf73a460041f
Ensembl,Mus musculus,94,GRCm38,ftp://ftp.ensembl.org/pub/release-94/fasta/mus_musculus/cdna/Mus_musculus.GRCm38.cdna.all.fa.gz ftp://ftp.ensembl.org/pub/release-94/fasta/mus_musculus/ncrna/Mus_musculus.GRCm38.ncrna.fa.gz,ftp://ftp.ensembl.org/pub/release-94/gtf/mus_musculus/Mus_musculus.GRCm38.94.gtf.gz,789263ee0ed0fd7026a6a2b81787b7fd4773a27a02200fc63a9db3f0648452a3
Ensembl,Mus musculus,93,GRCm38,ftp://ftp.ensembl.org/pub/release-93/fasta/mus_musculus/cdna/Mus_musculus.GRCm38.cdna.all.fa.gz ftp://ftp.ensembl.org/pub/release-93/fasta/mus_musculus/ncrna/Mus_musculus.GRCm38.ncrna.fa.gz,ftp://ftp.ensembl.org/pub/release-93/gtf/mus_musculus/Mus_musculus.GRCm38.93.gtf.gz,fc4750b9ea941713a2958b59f2d4e29d20854e186b2efb10ac4d902013e093a0
Ensembl,Mus musculus,92,GRCm38,ftp://ftp.ensembl.org/pub/release-92/fasta/mus_musculus/cdna/Mus_musculus.GRCm38.cdna.all.fa.gz ftp://ftp.ensembl.org/pub/release-92/fasta/mus_musculus/ncrna/Mus_musculus.GRCm38.ncrna.fa.gz,ftp://ftp.ensembl.org/pub/release-92/gtf/mus_musculus/Mus_musculus.GRCm38.92.gtf.gz,cb375a41e3ed228075171ef1635950a5ec752be00058142ceff72c1a54514144
Ensembl,Mus musculus,91,GRCm38,ftp://ftp.ensembl.org/pub/release-91/fasta/mus_musculus/cdna/Mus_musculus.GRCm38.cdna.all.fa.gz ftp://ftp.ensembl.org/pub/release-91/fasta/mus_musculus/ncrna/Mus_musculus.GRCm38.ncrna.fa.gz,ftp://ftp.ensembl.org/pub/release-91/gtf/mus_musculus/Mus_musculus.GRCm38.91.gtf.gz,a73ec82b84fe83bb2813df1ae814d90a58eeb3cd5b158d6f6a47c836f0b0ab4c
Ensembl,Mus musculus,90,GRCm38,ftp://ftp.ensembl.org/pub/release-90/fasta/mus_musculus/cdna/Mus_musculus.GRCm38.cdna.all.fa.gz ftp://ftp.ensembl.org/pub/release-90/fasta/mus_musculus/ncrna/Mus_musculus.GRCm38.ncrna.fa.gz,ftp://ftp.ensembl.org/pub/release-90/gtf/mus_musculus/Mus_musculus.GRCm38.90.gtf.gz,e3f2ce6640861137069aa96544b6c000626a5591ba85778746f5ae6742050100
Ensembl,Mus musculus,89,GRCm38,ftp://ftp.ensembl.org/pub/release-89/fasta/mus_musculus/cdna/Mus_musculus.GRCm38.cdna.all.fa.gz ftp://ftp.ensembl.org/pub/release-89/fasta/mus_musculus/ncrna/Mus_musculus.GRCm38.ncrna.fa.gz,ftp://ftp.ensembl.org/pub/release-89/gtf/mus_musculus/Mus_musculus.GRCm38.89.gtf.gz,5dfdb76a734a193625a0434088d543733194ab30cc588ba42f6ee4e82115dcce
Ensembl,Mus musculus,88,GRCm38,ftp://ftp.ensembl.org/pub/release-88/fasta/mus_musculus/cdna/Mus_musculus.GRCm38.cdna.all.fa.gz ftp://ftp.ensembl.org/pub/release-88/fasta/mus_musculus/ncrna/Mus_musculus.GRCm38.ncrna.fa.gz,ftp://ftp.ensembl.org/pub/release-88/gtf/mus_musculus/Mus_musculus.GRCm38.88.gtf.gz,a36ee01888f2e600b1c4a14ad84cefcb7e98c0244ade94c95141bb46f18c6971
Ensembl,Mus musculus,87,GRCm38,ftp://ftp.ensembl.org/pub/release-87/fasta/mus_musculus/cdna/Mus_musculus.GRCm38.cdna.all.fa.gz ftp://ftp.ensembl.org/pub/release-87/fasta/mus_musculus/ncrna/Mus_musculus.GRCm38.ncrna.fa.gz,ftp://ftp.ensembl.org/pub/release-87/gtf/mus_musculus/Mus_musculus.GRCm38.87.gtf.gz,57b741576fc81db261cfc1678a5ff8f126a1e890d0fd3a8829548b8c97ad3667
Ensembl,Mus musculus,86,GRCm38,ftp://ftp.ensembl.org/pub/release-86/fasta/mus_musculus/cdna/Mus_musculus.GRCm38.cdna.all.fa.gz ftp://ftp.ensembl.org/pub/release-86/fasta/mus_musculus/ncrna/Mus_musculus.GRCm38.ncrna.fa.gz,ftp://ftp.ensembl.org/pub/release-86/gtf/mus_musculus/Mus_musculus.GRCm38.86.gtf.gz,d15d960c5b78cca29f8d8f6d4bfdcaf42d0af26e9d3f84ec8fbf6e7255be15c8
Ensembl,Mus musculus,85,GRCm38,ftp://ftp.ensembl.org/pub/release-85/fasta/mus_musculus/cdna/Mus_musculus.GRCm38.cdna.all.fa.gz ftp://ftp.ensembl.org/pub/release-85/fasta/mus_musculus/ncrna/Mus_musculus.GRCm38.ncrna.fa.gz,ftp://ftp.ensembl.org/pub/release-85/gtf/mus_musculus/Mus_musculus.GRCm38.85.gtf.gz,62ab6a9b228b03e76cdd77ba658f0c3d88b89fe8d3382cf7b8bce3ce7dafe0fb
Ensembl,Mus musculus,84,GRCm38,ftp://ftp.ensembl.org/pub/release-84/fasta/mus_musculus/cdna/Mus_musculus.GRCm38.cdna.all.fa.gz ftp://ftp.ensembl.org/pub/release-84/fasta/mus_musculus/ncrna/Mus_musculus.GRCm38.ncrna.fa.gz,ftp://ftp.ensembl.org/pub/release-84/gtf/mus_musculus/Mus_musculus.GRCm38.84.gtf.gz,88b94de90979f2d3db47c3107e7b16ee5e931719e13c95a24672e5268ab464fe
Ensembl,Mus musculus,83,GRCm38,ftp://ftp.ensembl.org/pub/release-83/fasta/mus_musculus/cdna/Mus_musculus.GRCm38.cdna.all.fa.gz ftp://ftp.ensembl.org/pub/release-83/fasta/mus_musculus/ncrna/Mus_musculus.GRCm38.ncrna.fa.gz,ftp://ftp.ensembl.org/pub/release-83/gtf/mus_musculus/Mus_musculus.GRCm38.83.gtf.gz,ab588626dced1a495ef4abf1682c2a17b02a42c27a4e7d3d4679cfaa416a3b9f
Ensembl,Mus musculus,82,GRCm38,ftp://ftp.ensembl.org/pub/release-82/fasta/mus_musculus/cdna/Mus_musculus.GRCm38.cdna.all.fa.gz ftp://ftp.ensembl.org/pub/release-82/fasta/mus_musculus/ncrna/Mus_musculus.GRCm38.ncrna.fa.gz,ftp://ftp.ensembl.org/pub/release-82/gtf/mus_musculus/Mus_musculus.GRCm38.82.gtf.gz,b262575d22d24724d7c7190d171f4b132d98c6f75af768a4e7016879d28702d4
Ensembl,Mus musculus,81,GRCm38,ftp://ftp.ensembl.org/pub/release-81/fasta/mus_musculus/cdna/Mus_musculus.GRCm38.cdna.all.fa.gz ftp://ftp.ensembl.org/pub/release-81/fasta/mus_musculus/ncrna/Mus_musculus.GRCm38.ncrna.fa.gz,ftp://ftp.ensembl.org/pub/release-81/gtf/mus_musculus/Mus_musculus.GRCm38.81.gtf.gz,95fd9529af63b79b3faf7767893a820cf94f3bab8e7effae6d110ef9c71c910c
Ensembl,Mus musculus,80,GRCm38,ftp://ftp.ensembl.org/pub/release-80/fasta/mus_musculus/cdna/Mus_musculus.GRCm38.cdna.all.fa.gz ftp://ftp.ensembl.org/pub/release-80/fasta/mus_musculus/ncrna/Mus_musculus.GRCm38.ncrna.fa.gz,ftp://ftp.ensembl.org/pub/release-80/gtf/mus_musculus/Mus_musculus.GRCm38.80.gtf.gz,4b302809184e18623d1a4241ca12548f93c7557293be62664d0a42e7bf7b13d4
Ensembl,Mus musculus,79,GRCm38,ftp://ftp.ensembl.org/pub/release-79/fasta/mus_musculus/cdna/Mus_musculus.GRCm38.cdna.all.fa.gz ftp://ftp.ensembl.org/pub/release-79/fasta/mus_musculus/ncrna/Mus_musculus.GRCm38.ncrna.fa.gz,ftp://ftp.ensembl.org/pub/release-79/gtf/mus_musculus/Mus_musculus.GRCm38.79.gtf.gz,e207f074eec269626070d41d50850f8db102e0aaf85432f14ddd90e490ea4bc6
Ensembl,Mus musculus,78,GRCm38,ftp://ftp.ensembl.org/pub/release-78/fasta/mus_musculus/cdna/Mus_musculus.GRCm38.cdna.all.fa.gz ftp://ftp.ensembl.org/pub/release-78/fasta/mus_musculus/ncrna/Mus_musculus.GRCm38.ncrna.fa.gz,ftp://ftp.ensembl.org/pub/release-78/gtf/mus_musculus/Mus_musculus.GRCm38.78.gtf.gz,0b19f405482614f3eaf617d415f2e8724371f9c0b1fd0f3b2ce3b8e4d4a091f8
Ensembl,Mus musculus,77,GRCm38,ftp://ftp.ensembl.org/pub/release-77/fasta/mus_musculus/cdna/Mus_musculus.GRCm38.cdna.all.fa.gz ftp://ftp.ensembl.org/pub/release-77/fasta/mus_musculus/ncrna/Mus_musculus.GRCm38.ncrna.fa.gz,ftp://ftp.ensembl.org/pub/release-77/gtf/mus_musculus/Mus_musculus.GRCm38.77.gtf.gz,2067a058b490d9ee800dd2bd58694e15e5bd6949ecdecf9afb57b1109c07a3d7
Ensembl,Mus musculus,76,GRCm38,ftp://ftp.ensembl.org/pub/release-76/fasta/mus_musculus/cdna/Mus_musculus.GRCm38.cdna.all.fa.gz ftp://ftp.ensembl.org/pub/release-76/fasta/mus_musculus/ncrna/Mus_musculus.GRCm38.ncrna.fa.gz,ftp://ftp.ensembl.org/pub/release-76/gtf/mus_musculus/Mus_musculus.GRCm38.76.gtf.gz,2067a058b490d9ee800dd2bd58694e15e5bd6949ecdecf9afb57b1109c07a3d7
Ensembl,Drosophila melanogaster,98,BDGP6.22,ftp://ftp.ensembl.org/pub/release-98/fasta/drosophila_melanogaster/cdna/Drosophila_melanogaster.BDGP6.22.cdna.all.fa.gz ftp://ftp.ensembl.org/pub/release-98/fasta/drosophila_melanogaster/ncrna/Drosophila_melanogaster.BDGP6.22.ncrna.fa.gz,ftp://ftp.ensembl.org/pub/release-98/gtf/drosophila_melanogaster/Drosophila_melanogaster.BDGP6.22.98.gtf.gz,7ba5e9597796ea86cf11ccf6635ca88fbc37c2848d38083c23986aa2c6a21eae
Ensembl,Drosophila melanogaster,97,BDGP6.22,ftp://ftp.ensembl.org/pub/release-97/fasta/drosophila_melanogaster/cdna/Drosophila_melanogaster.BDGP6.22.cdna.all.fa.gz ftp://ftp.ensembl.org/pub/release-97/fasta/drosophila_melanogaster/ncrna/Drosophila_melanogaster.BDGP6.22.ncrna.fa.gz,ftp://ftp.ensembl.org/pub/release-97/gtf/drosophila_melanogaster/Drosophila_melanogaster.BDGP6.22.97.gtf.gz,7ba5e9597796ea86cf11ccf6635ca88fbc37c2848d38083c23986aa2c6a21eae
Ensembl,Drosophila melanogaster,96,BDGP6.22,ftp://ftp.ensembl.org/pub/release-96/fasta/drosophila_melanogaster/cdna/Drosophila_melanogaster.BDGP6.22.cdna.all.fa.gz ftp://ftp.ensembl.org/pub/release-96/fasta/drosophila_melanogaster/ncrna/Drosophila_melanogaster.BDGP6.22.ncrna.fa.gz,ftp://ftp.ensembl.org/pub/release-96/gtf/drosophila_melanogaster/Drosophila_melanogaster.BDGP6.22.96.gtf.gz,7ba5e9597796ea86cf11ccf6635ca88fbc37c2848d38083c23986aa2c6a21eae
Ensembl,Drosophila melanogaster,95,BDGP6,ftp://ftp.ensembl.org/pub/release-95/fasta/drosophila_melanogaster/cdna/Drosophila_melanogaster.BDGP6.cdna.all.fa.gz ftp://ftp.ensembl.org/pub/release-95/fasta/drosophila_melanogaster/ncrna/Drosophila_melanogaster.BDGP6.ncrna.fa.gz,ftp://ftp.ensembl.org/pub/release-95/gtf/drosophila_melanogaster/Drosophila_melanogaster.BDGP6.95.gtf.gz,70be96a610e5c8d2687a465f7d2fee130a71ad777dba69ad152ba86fec5cf716
Ensembl,Drosophila melanogaster,94,BDGP6,ftp://ftp.ensembl.org/pub/release-94/fasta/drosophila_melanogaster/cdna/Drosophila_melanogaster.BDGP6.cdna.all.fa.gz ftp://ftp.ensembl.org/pub/release-94/fasta/drosophila_melanogaster/ncrna/Drosophila_melanogaster.BDGP6.ncrna.fa.gz,ftp://ftp.ensembl.org/pub/release-94/gtf/drosophila_melanogaster/Drosophila_melanogaster.BDGP6.94.gtf.gz,70be96a610e5c8d2687a465f7d2fee130a71ad777dba69ad152ba86fec5cf716
Ensembl,Drosophila melanogaster,93,BDGP6,ftp://ftp.ensembl.org/pub/release-93/fasta/drosophila_melanogaster/cdna/Drosophila_melanogaster.BDGP6.cdna.all.fa.gz ftp://ftp.ensembl.org/pub/release-93/fasta/drosophila_melanogaster/ncrna/Drosophila_melanogaster.BDGP6.ncrna.fa.gz,ftp://ftp.ensembl.org/pub/release-93/gtf/drosophila_melanogaster/Drosophila_melanogaster.BDGP6.93.gtf.gz,70be96a610e5c8d2687a465f7d2fee130a71ad777dba69ad152ba86fec5cf716
Ensembl,Drosophila melanogaster,92,BDGP6,ftp://ftp.ensembl.org/pub/release-92/fasta/drosophila_melanogaster/cdna/Drosophila_melanogaster.BDGP6.cdna.all.fa.gz ftp://ftp.ensembl.org/pub/release-92/fasta/drosophila_melanogaster/ncrna/Drosophila_melanogaster.BDGP6.ncrna.fa.gz,ftp://ftp.ensembl.org/pub/release-92/gtf/drosophila_melanogaster/Drosophila_melanogaster.BDGP6.92.gtf.gz,70be96a610e5c8d2687a465f7d2fee130a71ad777dba69ad152ba86fec5cf716
Ensembl,Drosophila melanogaster,91,BDGP6,ftp://ftp.ensembl.org/pub/release-91/fasta/drosophila_melanogaster/cdna/Drosophila_melanogaster.BDGP6.cdna.all.fa.gz ftp://ftp.ensembl.org/pub/release-91/fasta/drosophila_melanogaster/ncrna/Drosophila_melanogaster.BDGP6.ncrna.fa.gz,ftp://ftp.ensembl.org/pub/release-91/gtf/drosophila_melanogaster/Drosophila_melanogaster.BDGP6.91.gtf.gz,70be96a610e5c8d2687a465f7d2fee130a71ad777dba69ad152ba86fec5cf716
Ensembl,Drosophila melanogaster,90,BDGP6,ftp://ftp.ensembl.org/pub/release-90/fasta/drosophila_melanogaster/cdna/Drosophila_melanogaster.BDGP6.cdna.all.fa.gz ftp://ftp.ensembl.org/pub/release-90/fasta/drosophila_melanogaster/ncrna/Drosophila_melanogaster.BDGP6.ncrna.fa.gz,ftp://ftp.ensembl.org/pub/release-90/gtf/drosophila_melanogaster/Drosophila_melanogaster.BDGP6.90.gtf.gz,99639e2f2991df0191dc5a0763dae399d0e7a603667e5807936f62a2844b4282
Ensembl,Drosophila melanogaster,89,BDGP6,ftp://ftp.ensembl.org/pub/release-89/fasta/drosophila_melanogaster/cdna/Drosophila_melanogaster.BDGP6.cdna.all.fa.gz ftp://ftp.ensembl.org/pub/release-89/fasta/drosophila_melanogaster/ncrna/Drosophila_melanogaster.BDGP6.ncrna.fa.gz,ftp://ftp.ensembl.org/pub/release-89/gtf/drosophila_melanogaster/Drosophila_melanogaster.BDGP6.89.gtf.gz,99639e2f2991df0191dc5a0763dae399d0e7a603667e5807936f62a2844b4282
Ensembl,Drosophila melanogaster,88,BDGP6,ftp://ftp.ensembl.org/pub/release-88/fasta/drosophila_melanogaster/cdna/Drosophila_melanogaster.BDGP6.cdna.all.fa.gz ftp://ftp.ensembl.org/pub/release-88/fasta/drosophila_melanogaster/ncrna/Drosophila_melanogaster.BDGP6.ncrna.fa.gz,ftp://ftp.ensembl.org/pub/release-88/gtf/drosophila_melanogaster/Drosophila_melanogaster.BDGP6.88.gtf.gz,99639e2f2991df0191dc5a0763dae399d0e7a603667e5807936f62a2844b4282
Ensembl,Drosophila melanogaster,87,BDGP6,ftp://ftp.ensembl.org/pub/release-87/fasta/drosophila_melanogaster/cdna/Drosophila_melanogaster.BDGP6.cdna.all.fa.gz ftp://ftp.ensembl.org/pub/release-87/fasta/drosophila_melanogaster/ncrna/Drosophila_melanogaster.BDGP6.ncrna.fa.gz,ftp://ftp.ensembl.org/pub/release-87/gtf/drosophila_melanogaster/Drosophila_melanogaster.BDGP6.87.gtf.gz,99639e2f2991df0191dc5a0763dae399d0e7a603667e5807936f62a2844b4282
Ensembl,Drosophila melanogaster,86,BDGP6,ftp://ftp.ensembl.org/pub/release-86/fasta/drosophila_melanogaster/cdna/Drosophila_melanogaster.BDGP6.cdna.all.fa.gz ftp://ftp.ensembl.org/pub/release-86/fasta/drosophila_melanogaster/ncrna/Drosophila_melanogaster.BDGP6.ncrna.fa.gz,ftp://ftp.ensembl.org/pub/release-86/gtf/drosophila_melanogaster/Drosophila_melanogaster.BDGP6.86.gtf.gz,99639e2f2991df0191dc5a0763dae399d0e7a603667e5807936f62a2844b4282
Ensembl,Drosophila melanogaster,85,BDGP6,ftp://ftp.ensembl.org/pub/release-85/fasta/drosophila_melanogaster/cdna/Drosophila_melanogaster.BDGP6.cdna.all.fa.gz ftp://ftp.ensembl.org/pub/release-85/fasta/drosophila_melanogaster/ncrna/Drosophila_melanogaster.BDGP6.ncrna.fa.gz,ftp://ftp.ensembl.org/pub/release-85/gtf/drosophila_melanogaster/Drosophila_melanogaster.BDGP6.85.gtf.gz,99639e2f2991df0191dc5a0763dae399d0e7a603667e5807936f62a2844b4282
Ensembl,Drosophila melanogaster,84,BDGP6,ftp://ftp.ensembl.org/pub/release-84/fasta/drosophila_melanogaster/cdna/Drosophila_melanogaster.BDGP6.cdna.all.fa.gz ftp://ftp.ensembl.org/pub/release-84/fasta/drosophila_melanogaster/ncrna/Drosophila_melanogaster.BDGP6.ncrna.fa.gz,ftp://ftp.ensembl.org/pub/release-84/gtf/drosophila_melanogaster/Drosophila_melanogaster.BDGP6.84.gtf.gz,99639e2f2991df0191dc5a0763dae399d0e7a603667e5807936f62a2844b4282
Ensembl,Drosophila melanogaster,83,BDGP6,ftp://ftp.ensembl.org/pub/release-83/fasta/drosophila_melanogaster/cdna/Drosophila_melanogaster.BDGP6.cdna.all.fa.gz ftp://ftp.ensembl.org/pub/release-83/fasta/drosophila_melanogaster/ncrna/Drosophila_melanogaster.BDGP6.ncrna.fa.gz,ftp://ftp.ensembl.org/pub/release-83/gtf/drosophila_melanogaster/Drosophila_melanogaster.BDGP6.83.gtf.gz,99639e2f2991df0191dc5a0763dae399d0e7a603667e5807936f62a2844b4282
Ensembl,Drosophila melanogaster,82,BDGP6,ftp://ftp.ensembl.org/pub/release-82/fasta/drosophila_melanogaster/cdna/Drosophila_melanogaster.BDGP6.cdna.all.fa.gz ftp://ftp.ensembl.org/pub/release-82/fasta/drosophila_melanogaster/ncrna/Drosophila_melanogaster.BDGP6.ncrna.fa.gz,ftp://ftp.ensembl.org/pub/release-82/gtf/drosophila_melanogaster/Drosophila_melanogaster.BDGP6.82.gtf.gz,99639e2f2991df0191dc5a0763dae399d0e7a603667e5807936f62a2844b4282
Ensembl,Drosophila melanogaster,81,BDGP6,ftp://ftp.ensembl.org/pub/release-81/fasta/drosophila_melanogaster/cdna/Drosophila_melanogaster.BDGP6.cdna.all.fa.gz ftp://ftp.ensembl.org/pub/release-81/fasta/drosophila_melanogaster/ncrna/Drosophila_melanogaster.BDGP6.ncrna.fa.gz,ftp://ftp.ensembl.org/pub/release-81/gtf/drosophila_melanogaster/Drosophila_melanogaster.BDGP6.81.gtf.gz,99639e2f2991df0191dc5a0763dae399d0e7a603667e5807936f62a2844b4282
Ensembl,Drosophila melanogaster,80,BDGP6,ftp://ftp.ensembl.org/pub/release-80/fasta/drosophila_melanogaster/cdna/Drosophila_melanogaster.BDGP6.cdna.all.fa.gz ftp://ftp.ensembl.org/pub/release-80/fasta/drosophila_melanogaster/ncrna/Drosophila_melanogaster.BDGP6.ncrna.fa.gz,ftp://ftp.ensembl.org/pub/release-80/gtf/drosophila_melanogaster/Drosophila_melanogaster.BDGP6.80.gtf.gz,99639e2f2991df0191dc5a0763dae399d0e7a603667e5807936f62a2844b4282
Ensembl,Drosophila melanogaster,79,BDGP6,ftp://ftp.ensembl.org/pub/release-79/fasta/drosophila_melanogaster/cdna/Drosophila_melanogaster.BDGP6.cdna.all.fa.gz ftp://ftp.ensembl.org/pub/release-79/fasta/drosophila_melanogaster/ncrna/Drosophila_melanogaster.BDGP6.ncrna.fa.gz,ftp://ftp.ensembl.org/pub/release-79/gtf/drosophila_melanogaster/Drosophila_melanogaster.BDGP6.79.gtf.gz,99639e2f2991df0191dc5a0763dae399d0e7a603667e5807936f62a2844b4282
RefSeq,Homo sapiens,GRCh38.p12,GRCh38,ftp://ftp.ncbi.nlm.nih.gov/genomes/refseq/vertebrate_mammalian/Homo_sapiens/all_assembly_versions/GCF_000001405.38_GRCh38.p12/GCF_000001405.38_GRCh38.p12_rna.fna.gz,ftp://ftp.ncbi.nlm.nih.gov/genomes/refseq/vertebrate_mammalian/Homo_sapiens/all_assembly_versions/GCF_000001405.38_GRCh38.p12/GCF_000001405.38_GRCh38.p12_genomic.gff.gz,3943415aa9cb00d523bdea68efa73eb3d6207d5fbf42561ec8e3fea0055480ec
RefSeq,Homo sapiens,GRCh38.p11,GRCh38,ftp://ftp.ncbi.nlm.nih.gov/genomes/refseq/vertebrate_mammalian/Homo_sapiens/all_assembly_versions/GCF_000001405.37_GRCh38.p11/GCF_000001405.37_GRCh38.p11_rna.fna.gz,ftp://ftp.ncbi.nlm.nih.gov/genomes/refseq/vertebrate_mammalian/Homo_sapiens/all_assembly_versions/GCF_000001405.37_GRCh38.p11/GCF_000001405.37_GRCh38.p11_genomic.gff.gz,1a65d80468b2a5348d75c7266d1d9327ef93032eb90f9c51bb65da8582cc9829
RefSeq,Homo sapiens,GRCh38.p10,GRCh38,ftp://ftp.ncbi.nlm.nih.gov/genomes/refseq/vertebrate_mammalian/Homo_sapiens/all_assembly_versions/GCF_000001405.36_GRCh38.p10/GCF_000001405.36_GRCh38.p10_rna.fna.gz,ftp://ftp.ncbi.nlm.nih.gov/genomes/refseq/vertebrate_mammalian/Homo_sapiens/all_assembly_versions/GCF_000001405.36_GRCh38.p10/GCF_000001405.36_GRCh38.p10_genomic.gff.gz,0eac30f9020a4b114ea54fdc5dec648f5305deb82ee46bd34e48f1a710204b26
RefSeq,Homo sapiens,GRCh38.p9,GRCh38,ftp://ftp.ncbi.nlm.nih.gov/genomes/refseq/vertebrate_mammalian/Homo_sapiens/all_assembly_versions/GCF_000001405.35_GRCh38.p9/GCF_000001405.35_GRCh38.p9_rna.fna.gz,ftp://ftp.ncbi.nlm.nih.gov/genomes/refseq/vertebrate_mammalian/Homo_sapiens/all_assembly_versions/GCF_000001405.35_GRCh38.p9/GCF_000001405.35_GRCh38.p9_genomic.gff.gz,ff2ed02095467247ac0450748fd119cb2c454c4754a3408753a91315687558ee
RefSeq,Homo sapiens,GRCh38.p8,GRCh38,ftp://ftp.ncbi.nlm.nih.gov/genomes/refseq/vertebrate_mammalian/Homo_sapiens/all_assembly_versions/GCF_000001405.34_GRCh38.p8/GCF_000001405.34_GRCh38.p8_rna.fna.gz,ftp://ftp.ncbi.nlm.nih.gov/genomes/refseq/vertebrate_mammalian/Homo_sapiens/all_assembly_versions/GCF_000001405.34_GRCh38.p8/GCF_000001405.34_GRCh38.p8_genomic.gff.gz,ff2ed02095467247ac0450748fd119cb2c454c4754a3408753a91315687558ee
RefSeq,Homo sapiens,GRCh38.p7,GRCh38,ftp://ftp.ncbi.nlm.nih.gov/genomes/refseq/vertebrate_mammalian/Homo_sapiens/all_assembly_versions/GCF_000001405.33_GRCh38.p7/GCF_000001405.33_GRCh38.p7_rna.fna.gz,ftp://ftp.ncbi.nlm.nih.gov/genomes/refseq/vertebrate_mammalian/Homo_sapiens/all_assembly_versions/GCF_000001405.33_GRCh38.p7/GCF_000001405.33_GRCh38.p7_genomic.gff.gz,ff2ed02095467247ac0450748fd119cb2c454c4754a3408753a91315687558ee
RefSeq,Homo sapiens,GRCh38.p6,GRCh38,ftp://ftp.ncbi.nlm.nih.gov/genomes/refseq/vertebrate_mammalian/Homo_sapiens/all_assembly_versions/GCF_000001405.32_GRCh38.p6/GCF_000001405.32_GRCh38.p6_rna.fna.gz,ftp://ftp.ncbi.nlm.nih.gov/genomes/refseq/vertebrate_mammalian/Homo_sapiens/all_assembly_versions/GCF_000001405.32_GRCh38.p6/GCF_000001405.32_GRCh38.p6_genomic.gff.gz,4c02d7f86c91a1759ced2c6e95e034699b94249044e096355d2da725552d9974
RefSeq,Homo sapiens,GRCh38.p5,GRCh38,ftp://ftp.ncbi.nlm.nih.gov/genomes/refseq/vertebrate_mammalian/Homo_sapiens/all_assembly_versions/GCF_000001405.31_GRCh38.p5/GCF_000001405.31_GRCh38.p5_rna.fna.gz,ftp://ftp.ncbi.nlm.nih.gov/genomes/refseq/vertebrate_mammalian/Homo_sapiens/all_assembly_versions/GCF_000001405.31_GRCh38.p5/GCF_000001405.31_GRCh38.p5_genomic.gff.gz,4c02d7f86c91a1759ced2c6e95e034699b94249044e096355d2da725552d9974
RefSeq,Homo sapiens,GRCh38.p4,GRCh38,ftp://ftp.ncbi.nlm.nih.gov/genomes/refseq/vertebrate_mammalian/Homo_sapiens/all_assembly_versions/GCF_000001405.30_GRCh38.p4/GCF_000001405.30_GRCh38.p4_rna.fna.gz,ftp://ftp.ncbi.nlm.nih.gov/genomes/refseq/vertebrate_mammalian/Homo_sapiens/all_assembly_versions/GCF_000001405.30_GRCh38.p4/GCF_000001405.30_GRCh38.p4_genomic.gff.gz,3f41bc4e153045c52ce469068ce2605d6ad6d273185cc3afd42a93b17dd42bdb
RefSeq,Homo sapiens,GRCh38.p3,GRCh38,ftp://ftp.ncbi.nlm.nih.gov/genomes/refseq/vertebrate_mammalian/Homo_sapiens/all_assembly_versions/GCF_000001405.29_GRCh38.p3/GCF_000001405.29_GRCh38.p3_rna.fna.gz,ftp://ftp.ncbi.nlm.nih.gov/genomes/refseq/vertebrate_mammalian/Homo_sapiens/all_assembly_versions/GCF_000001405.29_GRCh38.p3/GCF_000001405.29_GRCh38.p3_genomic.gff.gz,0674330a25f111e854005a5d8d32f54766034ba44c9b414f760c76ac57e379f9
RefSeq,Homo sapiens,GRCh38.p2,GRCh38,ftp://ftp.ncbi.nlm.nih.gov/genomes/refseq/vertebrate_mammalian/Homo_sapiens/all_assembly_versions/GCF_000001405.28_GRCh38.p2/GCF_000001405.28_GRCh38.p2_rna.fna.gz,ftp://ftp.ncbi.nlm.nih.gov/genomes/refseq/vertebrate_mammalian/Homo_sapiens/all_assembly_versions/GCF_000001405.28_GRCh38.p2/GCF_000001405.28_GRCh38.p2_genomic.gff.gz,0674330a25f111e854005a5d8d32f54766034ba44c9b414f760c76ac57e379f9
RefSeq,Homo sapiens,GRCh38.p1,GRCh38,ftp://ftp.ncbi.nlm.nih.gov/genomes/refseq/vertebrate_mammalian/Homo_sapiens/all_assembly_versions/GCF_000001405.27_GRCh38.p1/GCF_000001405.27_GRCh38.p1_rna.fna.gz,ftp://ftp.ncbi.nlm.nih.gov/genomes/refseq/vertebrate_mammalian/Homo_sapiens/all_assembly_versions/GCF_000001405.27_GRCh38.p1/GCF_000001405.27_GRCh38.p1_genomic.gff.gz,fbcf014e31d9033f923f378a0053b6c383781d187575e32329d148cffbc3be0e
RefSeq,Mus musculus,GRCm38.p5,GRCm38,ftp://ftp.ncbi.nlm.nih.gov/genomes/refseq/vertebrate_mammalian/Mus_musculus/all_assembly_versions/GCF_000001635.25_GRCm38.p5/GCF_000001635.25_GRCm38.p5_rna.fna.gz,ftp://ftp.ncbi.nlm.nih.gov/genomes/refseq/vertebrate_mammalian/Mus_musculus/all_assembly_versions/GCF_000001635.25_GRCm38.p5/GCF_000001635.25_GRCm38.p5_genomic.gff.gz,ba4a46771d67b33ad74d7732c782dc3d356784b42821f7f01afddea692c4b9c5
RefSeq,Mus musculus,GRCm38.p4,GRCm38,ftp://ftp.ncbi.nlm.nih.gov/genomes/refseq/vertebrate_mammalian/Mus_musculus/all_assembly_versions/GCF_000001635.24_GRCm38.p4/GCF_000001635.24_GRCm38.p4_rna.fna.gz,ftp://ftp.ncbi.nlm.nih.gov/genomes/refseq/vertebrate_mammalian/Mus_musculus/all_assembly_versions/GCF_000001635.24_GRCm38.p4/GCF_000001635.24_GRCm38.p4_genomic.gff.gz,0ec8d4a26aac1cf35bf99736b7ea4fb4369297d590f15252f04b8d047767f6a7
RefSeq,Mus musculus,GRCm38.p3,GRCm38,ftp://ftp.ncbi.nlm.nih.gov/genomes/refseq/vertebrate_mammalian/Mus_musculus/all_assembly_versions/GCF_000001635.23_GRCm38.p3/GCF_000001635.23_GRCm38.p3_rna.fna.gz,ftp://ftp.ncbi.nlm.nih.gov/genomes/refseq/vertebrate_mammalian/Mus_musculus/all_assembly_versions/GCF_000001635.23_GRCm38.p3/GCF_000001635.23_GRCm38.p3_genomic.gff.gz,4d5f219fdb2e45883a74627c9417626b1d5655d39f364c38c31b4614687b5680
RefSeq,Mus musculus,GRCm38.p2,GRCm38,ftp://ftp.ncbi.nlm.nih.gov/genomes/refseq/vertebrate_mammalian/Mus_musculus/all_assembly_versions/GCF_000001635.22_GRCm38.p2/GCF_000001635.22_GRCm38.p2_rna.fna.gz,ftp://ftp.ncbi.nlm.nih.gov/genomes/refseq/vertebrate_mammalian/Mus_musculus/all_assembly_versions/GCF_000001635.22_GRCm38.p2/GCF_000001635.22_GRCm38.p2_genomic.gff.gz,a4b7c192fafedc21a2b96eae2576b7cb9847d23dcb50498b42d62fa43ae78b14
